text,label
–û—Å—Ç–∞–≤—å—Ç–µ –æ—Ç–∑—ã–≤ –∏ –ø–æ–º–æ–≥–∏—Ç–µ –Ω–∞–º —É–ª—É—á—à–∏—Ç—å Duolingo English Test!,important
–õ–µ—Ç–æ –∂–∞—Ä–∞ –æ—Ñ–∏—Å: –∫–∞–∫ —Å–æ–±—Ä–∞—Ç—å –∫–æ–º—Ñ–æ—Ä—Ç–Ω—ã–π –∏ —Å—Ç–∏–ª—å–Ω—ã–π –≥–∞—Ä–¥–µ—Ä–æ,not_important
–û–ø–æ–≤–µ—â–µ–Ω–∏–µ —Å–∏—Å—Ç–µ–º—ã –±–µ–∑–æ–ø–∞—Å–Ω–æ—Å—Ç–∏,important
–ü–æ–¥—Ö–æ–¥—è—â–∏–µ –≤–∞–∫–∞–Ω—Å–∏–∏,important
GALYMIND RESEARCH PAPER COMPETITION,important
–ò–∑–±–∞–≤–ª—è–µ–º—Å—è –æ—Ç —Å—Ç—Ä–∞—Ö–æ–≤,not_important
–ö–≤–∏—Ç–∞–Ω—Ü–∏—è –æ—Ç Admissions,important
–ú—ã –æ–±–Ω–æ–≤–ª—è–µ–º –Ω–∞—à–∏ –£—Å–ª–æ–≤–∏—è –ø—Ä–µ–¥–æ—Å—Ç–∞–≤–ª–µ–Ω–∏—è —É—Å–ª—É–≥ –∏ –ü–æ–ª–∏—Ç–∏–∫—É –∫–æ–Ω—Ñ–∏–¥–µ–Ω—Ü–∏–∞–ª—å–Ω–æ—Å—Ç–∏,not_important
–ö–≤–∏—Ç–∞–Ω—Ü–∏—è –æ–± –æ–ø–ª–∞—Ç–µ –∑–∞–∫–∞–∑–∞,important
–í–∞—à–∏ —Ä–µ–∑—É–ª—å—Ç–∞—Ç—ã –æ—Ç–ø—Ä–∞–≤–ª–µ–Ω—ã ,important
–ú–§–¢–ò –¶–µ–Ω—Ç—Ä —Ä–∞–∑–≤–∏—Ç–∏—è –ò–¢-–æ–±—Ä–∞–∑–æ–≤–∞–Ω–∏—è,not_important
–ü—Ä–∏–≥–ª–∞—à–∞–µ–º –Ω–∞ –ù–æ—á—å –æ—Ç–∫—Ä—ã—Ç—ã—Ö –¥–≤–µ—Ä–µ–π –í—ã—Å—à–µ–π —à–∫–æ–ª—ã –ø—Ä–æ–≥—Ä–∞–º–º–Ω–æ–π –∏–Ω–∂–µ–Ω–µ—Ä–∏–∏ –ú–§–¢–ò,not_important
–î–æ–±–µ–π—Ç–µ—Å—å –ø—Ä–æ–≥—Ä–µ—Å—Å–∞ –∑–∞ 60 –º–∏–Ω—É—Ç!, not_important
Your code is, important
A pause on exit permits‚Äîbut not on hope, not_important
–ù–µ —É–ø—É—Å—Ç–∏—Ç–µ —à–∞–Ω—Å, not_important
–ü–æ–¥—Ç–≤–µ—Ä–∂–¥–µ–Ω–∏–µ –ø–æ—á—Ç—ã, important
–≠—Ç–æ –≤–∞–º –Ω–∞ –æ—Ç–µ–ª–∏ –∏ –±–∏–ª–µ—Ç—ã, not_important
Ending soon: Get Grammarly Pro for 50% off, not_important
–í–∞—à –∑–∞–∫–∞–∑ –¥–æ—Å—Ç–∞–≤–ª–µ–Ω, important
–õ–∏—Ñ—Ç –≤ –∫–æ—Å–º–æ—Å –∏ –≤—Å–µ-–≤—Å–µ-–≤—Å–µ, not_important
–ù–µ –ø—Ä–æ–ø—É—Å—Ç–∏—Ç–µ: –ø–æ–ª–µ–∑–Ω—ã–µ –æ–Ω–ª–∞–π–Ω-—Å–æ–±—ã—Ç–∏—è –∏—é–ª—è, not_important
–æ—Ç–∫—Ä—ã—Ç –¥–æ—Å—Ç—É–ø –∫ —Å–ø—Ä–∞–≤–æ—á–Ω–∏–∫—É ¬´–í—Å–µ –°–û–ü—ã¬ª, not_important
üìÖüï∫–ì–∏–¥ –ø–æ –≤—ã—Ö–æ–¥–Ω—ã–º, not_important
–í–∞—à –ø–∞—Ä–æ–ª—å –±—ã–ª –≤–æ—Å—Å—Ç–∞–Ω–æ–≤–ª–µ–Ω, important
registrations are open!, important
–õ—É—á—à–µ–µ –≤ –≥. –ê–ª–º–∞—Ç—ã?, not_important
–ü–æ–¥—Ç–≤–µ—Ä–∂–¥–µ–Ω–∏–µ –∞–∫–∫–∞—É–Ω—Ç–∞, important
–ü–ª–∞—Ç–µ–∂ –∑–∞ –ø–æ–¥–ø–∏—Å–∫—É –æ—Ç–∫–ª–æ–Ω–µ–Ω, important
You have been registered, important
–ö—É—Ä—Å ¬´–¢—Ä–µ–Ω–∞–∂–µ—Ä –ï–ù–¢ –º–∞—Ç–µ–º–∞—Ç–∏–∫–∞¬ª –∂–¥—ë—Ç –≤–∞—Å!, not_important
–ö—É—Ä—Å ¬´–û—Å–Ω–æ–≤—ã –æ–ª–∏–º–ø–∏–∞–¥–Ω–æ–≥–æ –ø—Ä–æ–≥—Ä–∞–º–º–∏—Ä–æ–≤–∞–Ω–∏—è¬ª –∂–¥—ë—Ç –≤–∞—Å!, not_important
Don‚Äôt miss out on your last chance to enter the $2 million sweepstakes, not_important
Future-proof your skillset with 50% off Pro, not_important
–û—Ç–±–æ—Ä–æ—á–Ω—ã–π —Ç—É—Ä —Å–æ—Å—Ç–æ–∏—Ç—Å—è, important
–ü–æ—Å–ª–µ–¥–Ω–∏–π —à–∞–Ω—Å –ø–æ–ª—É—á–∏—Ç—å —Å–≤–æ—é —Å–∫–∏–¥–∫—É!, not_important
–õ–æ–≥–∏–Ω –∏ –ø–∞—Ä–æ–ª—å –¥–ª—è –ö–æ–º–∞–Ω–¥–Ω–æ–≥–æ —Ç—É—Ä–Ω–∏—Ä–∞ –ø–æ –ø—Ä–æ–≥—Ä–∞–º–º–∏—Ä–æ–≤–∞–Ω–∏—é, important
–î–æ –∑–∞–∫—Ä—ã—Ç–∏—è –Ω–∞–±–æ—Ä–∞ –Ω–∞ –õ–µ—Ç–Ω–∏–µ —à–∫–æ–ª—ã –Ø–Ω–¥–µ–∫—Å–∞ –æ—Å—Ç–∞–ª–æ—Å—å 3 –¥–Ω—è!, not_important
–í—ã–≥–æ–¥–Ω—ã–π –¥–≤–∏–∂! –ü—Ä–æ–º–æ–∫–æ–¥ –Ω–∞ 1000 —Ä—É–±–ª–µ–π, not_important
–ë”ô—Ä—ñ “Ø–π–≥–µ! –ñ–∞–ø–ø–∞–π —Å–∞—Ç—ã–ª—ã–º / –í—Å—ë –≤ –¥–æ–º! –†–∞—Å–ø—Ä–æ–¥–∞–∂–∞, not_important
–î–µ–Ω—å –æ—Ç–∫—Ä—ã—Ç—ã—Ö –¥–≤–µ—Ä–µ–π –ú–§–¢–ò, not_important
Get 50% off Codecademy Pro, not_important
–¢—ñ—Ä–∫–µ–ª—É / –†–µ–≥–∏—Å—Ç—Ä–∞—Ü–∏—è, important
–ú–∞—Å—Ç–µ—Ä-–∫–ª–∞—Å—Å –ø–æ –Ω–∞–ø–∏—Å–∞–Ω–∏—é –≤—Å—Ç—É–ø–∏—Ç–µ–ª—å–Ω—ã—Ö —ç—Å—Å–µ –¥–ª—è –≤—É–∑–æ–≤ –°–®–ê, not_important
–°–µ—Ä—Ç–∏—Ñ–∏–∫–∞—Ç—ã, important
Introducing Scheduling in Notion Calendar ‚Äî simple and free, not_important
–í–µ—Ä–∏—Ç—å –≤ —Å–µ–±—è: –∫–∞–∫ —É–ª—É—á—à–∏—Ç—å –ø—Ä–æ—Ñ–µ—Å—Å–∏–æ–Ω–∞–ª—å–Ω—É—é —Å–∞–º–æ–æ—Ü–µ–Ω–∫—É, not_important
Many files were recently deleted from your OneDrive, important
–ö–æ–¥ –ø–æ–¥—Ç–≤–µ—Ä–∂–¥–µ–Ω–∏—è –¥–ª—è –∞–∫–∫–∞—É–Ω—Ç–∞, important
–î–∏–ø–ª–æ–º –º–µ–Ω –∂–µ—Ç–µ–∫—à—ñ –∞–ª“ì—ã—Å —Ö–∞—Ç—ã–Ω—ã“£ —ç–ª–µ–∫—Ç—Ä–æ–Ω–¥—ã –Ω“±—Å“õ–∞—Å—ã–Ω –∂–æ–ª–¥–∞–π–º—ã–∑, important
We will send the electronic version of the diploma and the supervisor‚Äôs letter of appreciation, important
–ú—ã –æ—Ç–ø—Ä–∞–≤–∏–º —ç–ª–µ–∫—Ç—Ä–æ–Ω–Ω—É—é –≤–µ—Ä—Å–∏—é –¥–∏–ø–ª–æ–º–∞ –∏ –±–ª–∞–≥–æ–¥–∞—Ä—Å—Ç–≤–µ–Ω–Ω–æ–≥–æ –ø–∏—Å—å–º–∞ —Ä—É–∫–æ–≤–æ–¥–∏—Ç–µ–ª—è, important
–û–ø–ª–∞—Ç–∏—Ç–µ –±–∏–ª–µ—Ç—ã –ø–æ –∑–∞–∫–∞–∑—É, important
–ü–∞—Ä–æ–ª–∏ –¥–ª—è –ü—Ä–æ–±–Ω–æ–≥–æ —Ç–µ—Å—Ç–∏—Ä–æ–≤–∞–Ω–∏—è –ï–ù–¢, important
